[{"question": {"type": "Image", "value": "0/question.png"}, "answers": [{"type": "Image", "value": "0/correct.png", "answer": true}, {"type": "Image", "value": "0/incorrect0.png", "answer": false}, {"type": "Image", "value": "0/incorrect1.png", "answer": false}, {"type": "Image", "value": "0/incorrect2.png", "answer": false}]}, {"question": {"type": "Image", "value": "1/question.png"}, "answers": [{"type": "Image", "value": "1/correct.png", "answer": true}, {"type": "Image", "value": "1/incorrect0.png", "answer": false}, {"type": "Image", "value": "1/incorrect1.png", "answer": false}]}, {"question": {"type": "Image", "value": "2/question.png"}, "answers": [{"type": "Image", "value": "2/correct.png", "answer": true}, {"type": "Image", "value": "2/incorrect0.png", "answer": false}]}]